Datast 3 - 1000 books;;;;;;
1;book1;book1;Tema1;1;10;4
2;book2;book2;Tema2;2;40;1
3;book3;book3;Tema3;3;90;1
4;book4;book4;Tema4;4;80;3
5;book5;book5;Tema5;5;20;1
6;book6;book6;Tema6;6;50;2
7;book7;book7;Tema7;7;10;4
8;book8;book8;Tema8;8;10;4
9;book9;book9;Tema9;9;50;3
10;book10;book10;Tema10;10;70;1
11;book11;book11;Tema11;11;10;1
12;book12;book12;Tema12;12;20;2
13;book13;book13;Tema13;13;20;3
14;book14;book14;Tema14;14;10;1
15;book15;book15;Tema15;15;80;4
16;book16;book16;Tema16;16;70;3
17;book17;book17;Tema17;17;10;3
18;book18;book18;Tema18;18;90;1
19;book19;book19;Tema19;19;70;4
20;book20;book20;Tema20;20;50;3
21;book21;book21;Tema21;21;30;4
22;book22;book22;Tema22;22;20;2
23;book23;book23;Tema23;23;30;1
24;book24;book24;Tema24;24;10;4
25;book25;book25;Tema25;25;30;1
26;book26;book26;Tema26;26;70;1
27;book27;book27;Tema27;27;20;2
28;book28;book28;Tema28;28;70;4
29;book29;book29;Tema29;29;30;2
30;book30;book30;Tema30;30;90;3
31;book31;book31;Tema31;31;60;4
32;book32;book32;Tema32;32;0;3
33;book33;book33;Tema33;33;80;3
34;book34;book34;Tema34;34;0;3
35;book35;book35;Tema35;35;40;1
36;book36;book36;Tema36;36;60;2
37;book37;book37;Tema37;37;0;2
38;book38;book38;Tema38;38;0;3
39;book39;book39;Tema39;39;60;2
40;book40;book40;Tema40;40;30;1
41;book41;book41;Tema41;41;90;4
42;book42;book42;Tema42;42;40;3
43;book43;book43;Tema43;43;60;1
44;book44;book44;Tema44;44;60;1
45;book45;book45;Tema45;45;10;1
46;book46;book46;Tema46;46;40;4
47;book47;book47;Tema47;47;60;4
48;book48;book48;Tema48;48;70;3
49;book49;book49;Tema49;49;80;3
50;book50;book50;Tema50;50;90;2
51;book51;book51;Tema51;51;30;4
52;book52;book52;Tema52;52;90;3
53;book53;book53;Tema53;53;40;3
54;book54;book54;Tema54;54;70;3
55;book55;book55;Tema55;55;30;3
56;book56;book56;Tema56;56;10;2
57;book57;book57;Tema57;57;40;1
58;book58;book58;Tema58;58;0;2
59;book59;book59;Tema59;59;70;2
60;book60;book60;Tema60;60;70;1
61;book61;book61;Tema61;61;60;3
62;book62;book62;Tema62;62;10;1
63;book63;book63;Tema63;63;50;4
64;book64;book64;Tema64;64;50;3
65;book65;book65;Tema65;65;10;1
66;book66;book66;Tema66;66;0;3
67;book67;book67;Tema67;67;10;1
68;book68;book68;Tema68;68;60;3
69;book69;book69;Tema69;69;70;4
70;book70;book70;Tema70;70;70;2
71;book71;book71;Tema71;71;70;4
72;book72;book72;Tema72;72;30;4
73;book73;book73;Tema73;73;50;2
74;book74;book74;Tema74;74;90;3
75;book75;book75;Tema75;75;10;1
76;book76;book76;Tema76;76;20;3
77;book77;book77;Tema77;77;60;3
78;book78;book78;Tema78;78;30;1
79;book79;book79;Tema79;79;0;4
80;book80;book80;Tema80;80;20;4
81;book81;book81;Tema81;81;0;4
82;book82;book82;Tema82;82;40;2
83;book83;book83;Tema83;83;80;4
84;book84;book84;Tema84;84;50;2
85;book85;book85;Tema85;85;20;3
86;book86;book86;Tema86;86;10;1
87;book87;book87;Tema87;87;40;1
88;book88;book88;Tema88;88;60;2
89;book89;book89;Tema89;89;80;4
90;book90;book90;Tema90;90;80;1
91;book91;book91;Tema91;91;10;3
92;book92;book92;Tema92;92;30;4
93;book93;book93;Tema93;93;80;3
94;book94;book94;Tema94;94;0;1
95;book95;book95;Tema95;95;70;4
96;book96;book96;Tema96;96;80;2
97;book97;book97;Tema97;97;80;4
98;book98;book98;Tema98;98;70;2
99;book99;book99;Tema99;99;0;2
100;book100;book100;Tema100;100;30;3
101;book101;book101;Tema101;101;90;1
102;book102;book102;Tema102;102;50;4
103;book103;book103;Tema103;103;0;2
104;book104;book104;Tema104;104;90;1
105;book105;book105;Tema105;105;80;4
106;book106;book106;Tema106;106;40;1
107;book107;book107;Tema107;107;40;2
108;book108;book108;Tema108;108;90;3
109;book109;book109;Tema109;109;50;2
110;book110;book110;Tema110;110;30;4
111;book111;book111;Tema111;111;30;4
112;book112;book112;Tema112;112;40;4
113;book113;book113;Tema113;113;80;1
114;book114;book114;Tema114;114;80;3
115;book115;book115;Tema115;115;0;1
116;book116;book116;Tema116;116;80;2
117;book117;book117;Tema117;117;90;3
118;book118;book118;Tema118;118;90;2
119;book119;book119;Tema119;119;20;3
120;book120;book120;Tema120;120;80;1
121;book121;book121;Tema121;121;80;4
122;book122;book122;Tema122;122;0;2
123;book123;book123;Tema123;123;80;4
124;book124;book124;Tema124;124;50;1
125;book125;book125;Tema125;125;60;4
126;book126;book126;Tema126;126;20;3
127;book127;book127;Tema127;127;20;4
128;book128;book128;Tema128;128;80;3
129;book129;book129;Tema129;129;20;3
130;book130;book130;Tema130;130;50;2
131;book131;book131;Tema131;131;90;3
132;book132;book132;Tema132;132;40;1
133;book133;book133;Tema133;133;10;3
134;book134;book134;Tema134;134;20;4
135;book135;book135;Tema135;135;10;4
136;book136;book136;Tema136;136;70;1
137;book137;book137;Tema137;137;20;2
138;book138;book138;Tema138;138;50;1
139;book139;book139;Tema139;139;0;3
140;book140;book140;Tema140;140;30;2
141;book141;book141;Tema141;141;10;1
142;book142;book142;Tema142;142;10;2
143;book143;book143;Tema143;143;50;4
144;book144;book144;Tema144;144;20;2
145;book145;book145;Tema145;145;20;2
146;book146;book146;Tema146;146;80;3
147;book147;book147;Tema147;147;70;2
148;book148;book148;Tema148;148;20;1
149;book149;book149;Tema149;149;90;3
150;book150;book150;Tema150;150;10;2
151;book151;book151;Tema151;151;60;2
152;book152;book152;Tema152;152;80;1
153;book153;book153;Tema153;153;50;4
154;book154;book154;Tema154;154;40;2
155;book155;book155;Tema155;155;10;1
156;book156;book156;Tema156;156;50;1
157;book157;book157;Tema157;157;80;2
158;book158;book158;Tema158;158;90;4
159;book159;book159;Tema159;159;90;1
160;book160;book160;Tema160;160;70;2
161;book161;book161;Tema161;161;90;2
162;book162;book162;Tema162;162;60;2
163;book163;book163;Tema163;163;30;4
164;book164;book164;Tema164;164;70;1
165;book165;book165;Tema165;165;60;2
166;book166;book166;Tema166;166;80;3
167;book167;book167;Tema167;167;50;3
168;book168;book168;Tema168;168;40;2
169;book169;book169;Tema169;169;60;4
170;book170;book170;Tema170;170;60;4
171;book171;book171;Tema171;171;30;4
172;book172;book172;Tema172;172;50;2
173;book173;book173;Tema173;173;20;1
174;book174;book174;Tema174;174;20;2
175;book175;book175;Tema175;175;30;1
176;book176;book176;Tema176;176;10;3
177;book177;book177;Tema177;177;60;3
178;book178;book178;Tema178;178;10;1
179;book179;book179;Tema179;179;60;3
180;book180;book180;Tema180;180;90;2
181;book181;book181;Tema181;181;50;3
182;book182;book182;Tema182;182;30;3
183;book183;book183;Tema183;183;40;4
184;book184;book184;Tema184;184;20;4
185;book185;book185;Tema185;185;30;1
186;book186;book186;Tema186;186;40;3
187;book187;book187;Tema187;187;50;2
188;book188;book188;Tema188;188;60;2
189;book189;book189;Tema189;189;40;3
190;book190;book190;Tema190;190;80;3
191;book191;book191;Tema191;191;70;2
192;book192;book192;Tema192;192;80;4
193;book193;book193;Tema193;193;20;2
194;book194;book194;Tema194;194;70;3
195;book195;book195;Tema195;195;40;1
196;book196;book196;Tema196;196;40;3
197;book197;book197;Tema197;197;20;4
198;book198;book198;Tema198;198;30;3
199;book199;book199;Tema199;199;70;2
200;book200;book200;Tema200;200;80;2
201;book201;book201;Tema201;201;30;3
202;book202;book202;Tema202;202;30;1
203;book203;book203;Tema203;203;20;2
204;book204;book204;Tema204;204;20;1
205;book205;book205;Tema205;205;30;4
206;book206;book206;Tema206;206;20;4
207;book207;book207;Tema207;207;70;2
208;book208;book208;Tema208;208;30;1
209;book209;book209;Tema209;209;30;1
210;book210;book210;Tema210;210;10;2
211;book211;book211;Tema211;211;30;1
212;book212;book212;Tema212;212;50;2
213;book213;book213;Tema213;213;50;4
214;book214;book214;Tema214;214;20;3
215;book215;book215;Tema215;215;20;3
216;book216;book216;Tema216;216;40;1
217;book217;book217;Tema217;217;70;1
218;book218;book218;Tema218;218;30;3
219;book219;book219;Tema219;219;0;3
220;book220;book220;Tema220;220;50;2
221;book221;book221;Tema221;221;10;1
222;book222;book222;Tema222;222;60;4
223;book223;book223;Tema223;223;50;3
224;book224;book224;Tema224;224;0;3
225;book225;book225;Tema225;225;50;1
226;book226;book226;Tema226;226;90;2
227;book227;book227;Tema227;227;60;3
228;book228;book228;Tema228;228;80;3
229;book229;book229;Tema229;229;10;3
230;book230;book230;Tema230;230;80;2
231;book231;book231;Tema231;231;10;1
232;book232;book232;Tema232;232;80;1
233;book233;book233;Tema233;233;90;1
234;book234;book234;Tema234;234;0;4
235;book235;book235;Tema235;235;0;3
236;book236;book236;Tema236;236;0;2
237;book237;book237;Tema237;237;0;4
238;book238;book238;Tema238;238;60;4
239;book239;book239;Tema239;239;30;3
240;book240;book240;Tema240;240;40;2
241;book241;book241;Tema241;241;20;3
242;book242;book242;Tema242;242;50;4
243;book243;book243;Tema243;243;70;3
244;book244;book244;Tema244;244;50;4
245;book245;book245;Tema245;245;90;1
246;book246;book246;Tema246;246;30;1
247;book247;book247;Tema247;247;20;3
248;book248;book248;Tema248;248;30;1
249;book249;book249;Tema249;249;70;2
250;book250;book250;Tema250;250;50;2
251;book251;book251;Tema251;251;40;1
252;book252;book252;Tema252;252;20;1
253;book253;book253;Tema253;253;0;3
254;book254;book254;Tema254;254;10;4
255;book255;book255;Tema255;255;10;4
256;book256;book256;Tema256;256;30;1
257;book257;book257;Tema257;257;0;1
258;book258;book258;Tema258;258;80;4
259;book259;book259;Tema259;259;0;4
260;book260;book260;Tema260;260;20;2
261;book261;book261;Tema261;261;0;2
262;book262;book262;Tema262;262;80;3
263;book263;book263;Tema263;263;50;4
264;book264;book264;Tema264;264;70;1
265;book265;book265;Tema265;265;80;4
266;book266;book266;Tema266;266;30;1
267;book267;book267;Tema267;267;70;1
268;book268;book268;Tema268;268;70;1
269;book269;book269;Tema269;269;30;4
270;book270;book270;Tema270;270;10;3
271;book271;book271;Tema271;271;0;1
272;book272;book272;Tema272;272;30;1
273;book273;book273;Tema273;273;50;1
274;book274;book274;Tema274;274;10;1
275;book275;book275;Tema275;275;50;1
276;book276;book276;Tema276;276;20;3
277;book277;book277;Tema277;277;30;2
278;book278;book278;Tema278;278;60;1
279;book279;book279;Tema279;279;60;2
280;book280;book280;Tema280;280;60;2
281;book281;book281;Tema281;281;70;4
282;book282;book282;Tema282;282;90;2
283;book283;book283;Tema283;283;60;3
284;book284;book284;Tema284;284;70;1
285;book285;book285;Tema285;285;70;1
286;book286;book286;Tema286;286;50;2
287;book287;book287;Tema287;287;30;2
288;book288;book288;Tema288;288;90;2
289;book289;book289;Tema289;289;90;1
290;book290;book290;Tema290;290;60;4
291;book291;book291;Tema291;291;30;3
292;book292;book292;Tema292;292;40;3
293;book293;book293;Tema293;293;40;1
294;book294;book294;Tema294;294;70;2
295;book295;book295;Tema295;295;20;4
296;book296;book296;Tema296;296;70;4
297;book297;book297;Tema297;297;10;4
298;book298;book298;Tema298;298;70;1
299;book299;book299;Tema299;299;50;3
300;book300;book300;Tema300;300;30;3
301;book301;book301;Tema301;301;40;4
302;book302;book302;Tema302;302;10;4
303;book303;book303;Tema303;303;90;2
304;book304;book304;Tema304;304;10;3
305;book305;book305;Tema305;305;60;3
306;book306;book306;Tema306;306;50;4
307;book307;book307;Tema307;307;0;3
308;book308;book308;Tema308;308;90;2
309;book309;book309;Tema309;309;30;3
310;book310;book310;Tema310;310;70;3
311;book311;book311;Tema311;311;60;2
312;book312;book312;Tema312;312;60;2
313;book313;book313;Tema313;313;20;1
314;book314;book314;Tema314;314;10;1
315;book315;book315;Tema315;315;30;2
316;book316;book316;Tema316;316;50;4
317;book317;book317;Tema317;317;20;3
318;book318;book318;Tema318;318;10;2
319;book319;book319;Tema319;319;40;3
320;book320;book320;Tema320;320;20;4
321;book321;book321;Tema321;321;60;2
322;book322;book322;Tema322;322;0;2
323;book323;book323;Tema323;323;50;1
324;book324;book324;Tema324;324;80;3
325;book325;book325;Tema325;325;70;1
326;book326;book326;Tema326;326;20;4
327;book327;book327;Tema327;327;90;4
328;book328;book328;Tema328;328;0;1
329;book329;book329;Tema329;329;50;3
330;book330;book330;Tema330;330;70;2
331;book331;book331;Tema331;331;0;2
332;book332;book332;Tema332;332;30;3
333;book333;book333;Tema333;333;10;1
334;book334;book334;Tema334;334;40;3
335;book335;book335;Tema335;335;50;4
336;book336;book336;Tema336;336;20;2
337;book337;book337;Tema337;337;40;2
338;book338;book338;Tema338;338;30;2
339;book339;book339;Tema339;339;50;1
340;book340;book340;Tema340;340;20;2
341;book341;book341;Tema341;341;90;1
342;book342;book342;Tema342;342;10;4
343;book343;book343;Tema343;343;70;2
344;book344;book344;Tema344;344;90;1
345;book345;book345;Tema345;345;30;3
346;book346;book346;Tema346;346;10;2
347;book347;book347;Tema347;347;50;4
348;book348;book348;Tema348;348;30;1
349;book349;book349;Tema349;349;40;2
350;book350;book350;Tema350;350;20;4
351;book351;book351;Tema351;351;0;1
352;book352;book352;Tema352;352;70;1
353;book353;book353;Tema353;353;50;3
354;book354;book354;Tema354;354;80;3
355;book355;book355;Tema355;355;70;4
356;book356;book356;Tema356;356;40;4
357;book357;book357;Tema357;357;10;4
358;book358;book358;Tema358;358;60;4
359;book359;book359;Tema359;359;0;4
360;book360;book360;Tema360;360;90;1
361;book361;book361;Tema361;361;40;3
362;book362;book362;Tema362;362;90;2
363;book363;book363;Tema363;363;10;1
364;book364;book364;Tema364;364;80;1
365;book365;book365;Tema365;365;0;2
366;book366;book366;Tema366;366;50;4
367;book367;book367;Tema367;367;30;3
368;book368;book368;Tema368;368;80;4
369;book369;book369;Tema369;369;40;1
370;book370;book370;Tema370;370;10;1
371;book371;book371;Tema371;371;30;4
372;book372;book372;Tema372;372;50;1
373;book373;book373;Tema373;373;60;3
374;book374;book374;Tema374;374;90;3
375;book375;book375;Tema375;375;90;2
376;book376;book376;Tema376;376;90;1
377;book377;book377;Tema377;377;50;1
378;book378;book378;Tema378;378;50;1
379;book379;book379;Tema379;379;80;3
380;book380;book380;Tema380;380;10;4
381;book381;book381;Tema381;381;20;1
382;book382;book382;Tema382;382;20;4
383;book383;book383;Tema383;383;0;4
384;book384;book384;Tema384;384;10;4
385;book385;book385;Tema385;385;30;4
386;book386;book386;Tema386;386;0;2
387;book387;book387;Tema387;387;50;2
388;book388;book388;Tema388;388;80;4
389;book389;book389;Tema389;389;70;1
390;book390;book390;Tema390;390;30;2
391;book391;book391;Tema391;391;90;4
392;book392;book392;Tema392;392;90;2
393;book393;book393;Tema393;393;80;3
394;book394;book394;Tema394;394;80;1
395;book395;book395;Tema395;395;10;3
396;book396;book396;Tema396;396;40;1
397;book397;book397;Tema397;397;60;3
398;book398;book398;Tema398;398;90;4
399;book399;book399;Tema399;399;0;1
400;book400;book400;Tema400;400;80;4
401;book401;book401;Tema401;401;60;4
402;book402;book402;Tema402;402;50;3
403;book403;book403;Tema403;403;50;3
404;book404;book404;Tema404;404;30;2
405;book405;book405;Tema405;405;40;1
406;book406;book406;Tema406;406;30;4
407;book407;book407;Tema407;407;70;3
408;book408;book408;Tema408;408;40;4
409;book409;book409;Tema409;409;80;3
410;book410;book410;Tema410;410;10;2
411;book411;book411;Tema411;411;50;2
412;book412;book412;Tema412;412;90;1
413;book413;book413;Tema413;413;40;4
414;book414;book414;Tema414;414;40;3
415;book415;book415;Tema415;415;50;2
416;book416;book416;Tema416;416;20;1
417;book417;book417;Tema417;417;80;1
418;book418;book418;Tema418;418;60;3
419;book419;book419;Tema419;419;30;2
420;book420;book420;Tema420;420;40;2
421;book421;book421;Tema421;421;60;1
422;book422;book422;Tema422;422;50;2
423;book423;book423;Tema423;423;50;1
424;book424;book424;Tema424;424;60;2
425;book425;book425;Tema425;425;40;3
426;book426;book426;Tema426;426;60;1
427;book427;book427;Tema427;427;60;3
428;book428;book428;Tema428;428;20;4
429;book429;book429;Tema429;429;50;4
430;book430;book430;Tema430;430;0;2
431;book431;book431;Tema431;431;50;4
432;book432;book432;Tema432;432;70;3
433;book433;book433;Tema433;433;0;3
434;book434;book434;Tema434;434;20;3
435;book435;book435;Tema435;435;30;2
436;book436;book436;Tema436;436;60;1
437;book437;book437;Tema437;437;80;3
438;book438;book438;Tema438;438;30;3
439;book439;book439;Tema439;439;30;3
440;book440;book440;Tema440;440;30;1
441;book441;book441;Tema441;441;80;1
442;book442;book442;Tema442;442;70;2
443;book443;book443;Tema443;443;90;1
444;book444;book444;Tema444;444;0;1
445;book445;book445;Tema445;445;80;3
446;book446;book446;Tema446;446;0;4
447;book447;book447;Tema447;447;10;1
448;book448;book448;Tema448;448;30;1
449;book449;book449;Tema449;449;30;2
450;book450;book450;Tema450;450;20;2
451;book451;book451;Tema451;451;90;1
452;book452;book452;Tema452;452;20;2
453;book453;book453;Tema453;453;40;1
454;book454;book454;Tema454;454;20;4
455;book455;book455;Tema455;455;10;2
456;book456;book456;Tema456;456;80;4
457;book457;book457;Tema457;457;80;4
458;book458;book458;Tema458;458;10;4
459;book459;book459;Tema459;459;50;2
460;book460;book460;Tema460;460;40;1
461;book461;book461;Tema461;461;50;2
462;book462;book462;Tema462;462;80;2
463;book463;book463;Tema463;463;20;3
464;book464;book464;Tema464;464;70;3
465;book465;book465;Tema465;465;10;3
466;book466;book466;Tema466;466;80;2
467;book467;book467;Tema467;467;90;2
468;book468;book468;Tema468;468;50;2
469;book469;book469;Tema469;469;70;2
470;book470;book470;Tema470;470;80;1
471;book471;book471;Tema471;471;10;1
472;book472;book472;Tema472;472;70;4
473;book473;book473;Tema473;473;50;4
474;book474;book474;Tema474;474;0;4
475;book475;book475;Tema475;475;20;1
476;book476;book476;Tema476;476;20;3
477;book477;book477;Tema477;477;50;3
478;book478;book478;Tema478;478;40;3
479;book479;book479;Tema479;479;0;4
480;book480;book480;Tema480;480;10;2
481;book481;book481;Tema481;481;50;4
482;book482;book482;Tema482;482;0;3
483;book483;book483;Tema483;483;30;1
484;book484;book484;Tema484;484;70;1
485;book485;book485;Tema485;485;60;2
486;book486;book486;Tema486;486;30;1
487;book487;book487;Tema487;487;10;3
488;book488;book488;Tema488;488;30;4
489;book489;book489;Tema489;489;80;1
490;book490;book490;Tema490;490;80;1
491;book491;book491;Tema491;491;10;2
492;book492;book492;Tema492;492;40;4
493;book493;book493;Tema493;493;30;4
494;book494;book494;Tema494;494;30;4
495;book495;book495;Tema495;495;80;2
496;book496;book496;Tema496;496;60;2
497;book497;book497;Tema497;497;0;3
498;book498;book498;Tema498;498;90;2
499;book499;book499;Tema499;499;60;1
500;book500;book500;Tema500;500;60;2
501;book501;book501;Tema501;501;70;1
502;book502;book502;Tema502;502;90;1
503;book503;book503;Tema503;503;10;2
504;book504;book504;Tema504;504;60;1
505;book505;book505;Tema505;505;60;3
506;book506;book506;Tema506;506;60;4
507;book507;book507;Tema507;507;10;1
508;book508;book508;Tema508;508;0;3
509;book509;book509;Tema509;509;10;3
510;book510;book510;Tema510;510;10;1
511;book511;book511;Tema511;511;90;4
512;book512;book512;Tema512;512;20;2
513;book513;book513;Tema513;513;40;2
514;book514;book514;Tema514;514;50;3
515;book515;book515;Tema515;515;30;4
516;book516;book516;Tema516;516;60;1
517;book517;book517;Tema517;517;80;3
518;book518;book518;Tema518;518;70;4
519;book519;book519;Tema519;519;10;1
520;book520;book520;Tema520;520;60;3
521;book521;book521;Tema521;521;40;2
522;book522;book522;Tema522;522;40;1
523;book523;book523;Tema523;523;0;2
524;book524;book524;Tema524;524;60;1
525;book525;book525;Tema525;525;40;2
526;book526;book526;Tema526;526;80;1
527;book527;book527;Tema527;527;10;1
528;book528;book528;Tema528;528;10;3
529;book529;book529;Tema529;529;90;3
530;book530;book530;Tema530;530;20;1
531;book531;book531;Tema531;531;50;1
532;book532;book532;Tema532;532;90;4
533;book533;book533;Tema533;533;80;4
534;book534;book534;Tema534;534;80;3
535;book535;book535;Tema535;535;90;3
536;book536;book536;Tema536;536;60;1
537;book537;book537;Tema537;537;20;2
538;book538;book538;Tema538;538;80;3
539;book539;book539;Tema539;539;60;1
540;book540;book540;Tema540;540;70;2
541;book541;book541;Tema541;541;70;3
542;book542;book542;Tema542;542;20;4
543;book543;book543;Tema543;543;80;3
544;book544;book544;Tema544;544;20;1
545;book545;book545;Tema545;545;80;4
546;book546;book546;Tema546;546;20;1
547;book547;book547;Tema547;547;20;1
548;book548;book548;Tema548;548;50;4
549;book549;book549;Tema549;549;20;4
550;book550;book550;Tema550;550;60;2
551;book551;book551;Tema551;551;80;2
552;book552;book552;Tema552;552;80;4
553;book553;book553;Tema553;553;60;3
554;book554;book554;Tema554;554;90;2
555;book555;book555;Tema555;555;80;2
556;book556;book556;Tema556;556;0;1
557;book557;book557;Tema557;557;0;4
558;book558;book558;Tema558;558;20;4
559;book559;book559;Tema559;559;50;1
560;book560;book560;Tema560;560;10;3
561;book561;book561;Tema561;561;80;3
562;book562;book562;Tema562;562;40;3
563;book563;book563;Tema563;563;80;2
564;book564;book564;Tema564;564;80;4
565;book565;book565;Tema565;565;50;4
566;book566;book566;Tema566;566;10;4
567;book567;book567;Tema567;567;50;1
568;book568;book568;Tema568;568;40;3
569;book569;book569;Tema569;569;50;1
570;book570;book570;Tema570;570;70;3
571;book571;book571;Tema571;571;10;1
572;book572;book572;Tema572;572;90;2
573;book573;book573;Tema573;573;0;4
574;book574;book574;Tema574;574;0;2
575;book575;book575;Tema575;575;50;3
576;book576;book576;Tema576;576;70;1
577;book577;book577;Tema577;577;70;3
578;book578;book578;Tema578;578;30;1
579;book579;book579;Tema579;579;40;1
580;book580;book580;Tema580;580;10;2
581;book581;book581;Tema581;581;50;2
582;book582;book582;Tema582;582;70;1
583;book583;book583;Tema583;583;70;4
584;book584;book584;Tema584;584;40;3
585;book585;book585;Tema585;585;80;1
586;book586;book586;Tema586;586;10;2
587;book587;book587;Tema587;587;20;2
588;book588;book588;Tema588;588;20;3
589;book589;book589;Tema589;589;60;3
590;book590;book590;Tema590;590;60;1
591;book591;book591;Tema591;591;90;1
592;book592;book592;Tema592;592;40;4
593;book593;book593;Tema593;593;30;4
594;book594;book594;Tema594;594;10;2
595;book595;book595;Tema595;595;90;2
596;book596;book596;Tema596;596;50;2
597;book597;book597;Tema597;597;60;3
598;book598;book598;Tema598;598;50;2
599;book599;book599;Tema599;599;40;3
600;book600;book600;Tema600;600;30;3
601;book601;book601;Tema601;601;90;1
602;book602;book602;Tema602;602;50;2
603;book603;book603;Tema603;603;90;2
604;book604;book604;Tema604;604;20;1
605;book605;book605;Tema605;605;80;4
606;book606;book606;Tema606;606;80;3
607;book607;book607;Tema607;607;0;3
608;book608;book608;Tema608;608;40;4
609;book609;book609;Tema609;609;0;1
610;book610;book610;Tema610;610;20;4
611;book611;book611;Tema611;611;50;1
612;book612;book612;Tema612;612;40;1
613;book613;book613;Tema613;613;20;4
614;book614;book614;Tema614;614;0;3
615;book615;book615;Tema615;615;20;2
616;book616;book616;Tema616;616;20;4
617;book617;book617;Tema617;617;70;2
618;book618;book618;Tema618;618;50;4
619;book619;book619;Tema619;619;40;3
620;book620;book620;Tema620;620;30;3
621;book621;book621;Tema621;621;10;1
622;book622;book622;Tema622;622;20;4
623;book623;book623;Tema623;623;80;1
624;book624;book624;Tema624;624;20;4
625;book625;book625;Tema625;625;80;4
626;book626;book626;Tema626;626;80;4
627;book627;book627;Tema627;627;90;3
628;book628;book628;Tema628;628;40;3
629;book629;book629;Tema629;629;90;3
630;book630;book630;Tema630;630;50;3
631;book631;book631;Tema631;631;60;1
632;book632;book632;Tema632;632;70;1
633;book633;book633;Tema633;633;70;1
634;book634;book634;Tema634;634;60;3
635;book635;book635;Tema635;635;70;2
636;book636;book636;Tema636;636;30;3
637;book637;book637;Tema637;637;10;1
638;book638;book638;Tema638;638;30;1
639;book639;book639;Tema639;639;30;3
640;book640;book640;Tema640;640;80;1
641;book641;book641;Tema641;641;0;4
642;book642;book642;Tema642;642;20;1
643;book643;book643;Tema643;643;0;2
644;book644;book644;Tema644;644;40;3
645;book645;book645;Tema645;645;70;2
646;book646;book646;Tema646;646;30;3
647;book647;book647;Tema647;647;70;1
648;book648;book648;Tema648;648;80;4
649;book649;book649;Tema649;649;60;4
650;book650;book650;Tema650;650;80;4
651;book651;book651;Tema651;651;60;4
652;book652;book652;Tema652;652;70;1
653;book653;book653;Tema653;653;30;4
654;book654;book654;Tema654;654;80;2
655;book655;book655;Tema655;655;80;2
656;book656;book656;Tema656;656;80;2
657;book657;book657;Tema657;657;30;2
658;book658;book658;Tema658;658;10;3
659;book659;book659;Tema659;659;80;4
660;book660;book660;Tema660;660;0;2
661;book661;book661;Tema661;661;20;3
662;book662;book662;Tema662;662;90;2
663;book663;book663;Tema663;663;50;4
664;book664;book664;Tema664;664;30;2
665;book665;book665;Tema665;665;40;1
666;book666;book666;Tema666;666;20;3
667;book667;book667;Tema667;667;10;3
668;book668;book668;Tema668;668;70;2
669;book669;book669;Tema669;669;0;3
670;book670;book670;Tema670;670;40;2
671;book671;book671;Tema671;671;0;4
672;book672;book672;Tema672;672;70;4
673;book673;book673;Tema673;673;90;4
674;book674;book674;Tema674;674;90;4
675;book675;book675;Tema675;675;20;3
676;book676;book676;Tema676;676;20;3
677;book677;book677;Tema677;677;60;4
678;book678;book678;Tema678;678;0;1
679;book679;book679;Tema679;679;10;3
680;book680;book680;Tema680;680;30;1
681;book681;book681;Tema681;681;30;3
682;book682;book682;Tema682;682;20;3
683;book683;book683;Tema683;683;20;1
684;book684;book684;Tema684;684;40;2
685;book685;book685;Tema685;685;80;4
686;book686;book686;Tema686;686;70;2
687;book687;book687;Tema687;687;80;2
688;book688;book688;Tema688;688;70;3
689;book689;book689;Tema689;689;40;3
690;book690;book690;Tema690;690;80;2
691;book691;book691;Tema691;691;30;1
692;book692;book692;Tema692;692;70;3
693;book693;book693;Tema693;693;90;4
694;book694;book694;Tema694;694;50;4
695;book695;book695;Tema695;695;60;3
696;book696;book696;Tema696;696;30;1
697;book697;book697;Tema697;697;0;1
698;book698;book698;Tema698;698;80;1
699;book699;book699;Tema699;699;30;1
700;book700;book700;Tema700;700;60;4
701;book701;book701;Tema701;701;0;4
702;book702;book702;Tema702;702;70;1
703;book703;book703;Tema703;703;20;1
704;book704;book704;Tema704;704;20;2
705;book705;book705;Tema705;705;40;3
706;book706;book706;Tema706;706;80;1
707;book707;book707;Tema707;707;70;1
708;book708;book708;Tema708;708;50;1
709;book709;book709;Tema709;709;40;2
710;book710;book710;Tema710;710;30;2
711;book711;book711;Tema711;711;50;2
712;book712;book712;Tema712;712;90;1
713;book713;book713;Tema713;713;20;1
714;book714;book714;Tema714;714;30;4
715;book715;book715;Tema715;715;40;2
716;book716;book716;Tema716;716;10;1
717;book717;book717;Tema717;717;40;3
718;book718;book718;Tema718;718;70;4
719;book719;book719;Tema719;719;0;3
720;book720;book720;Tema720;720;10;1
721;book721;book721;Tema721;721;0;4
722;book722;book722;Tema722;722;90;2
723;book723;book723;Tema723;723;30;3
724;book724;book724;Tema724;724;20;2
725;book725;book725;Tema725;725;20;4
726;book726;book726;Tema726;726;0;3
727;book727;book727;Tema727;727;0;2
728;book728;book728;Tema728;728;50;2
729;book729;book729;Tema729;729;0;2
730;book730;book730;Tema730;730;10;1
731;book731;book731;Tema731;731;0;2
732;book732;book732;Tema732;732;80;4
733;book733;book733;Tema733;733;10;2
734;book734;book734;Tema734;734;30;2
735;book735;book735;Tema735;735;0;2
736;book736;book736;Tema736;736;60;1
737;book737;book737;Tema737;737;0;3
738;book738;book738;Tema738;738;80;4
739;book739;book739;Tema739;739;80;2
740;book740;book740;Tema740;740;90;2
741;book741;book741;Tema741;741;40;1
742;book742;book742;Tema742;742;0;1
743;book743;book743;Tema743;743;70;1
744;book744;book744;Tema744;744;70;4
745;book745;book745;Tema745;745;0;4
746;book746;book746;Tema746;746;60;3
747;book747;book747;Tema747;747;20;4
748;book748;book748;Tema748;748;90;2
749;book749;book749;Tema749;749;60;3
750;book750;book750;Tema750;750;30;4
751;book751;book751;Tema751;751;60;1
752;book752;book752;Tema752;752;20;2
753;book753;book753;Tema753;753;40;2
754;book754;book754;Tema754;754;20;1
755;book755;book755;Tema755;755;0;4
756;book756;book756;Tema756;756;40;4
757;book757;book757;Tema757;757;60;1
758;book758;book758;Tema758;758;80;1
759;book759;book759;Tema759;759;70;1
760;book760;book760;Tema760;760;0;2
761;book761;book761;Tema761;761;60;3
762;book762;book762;Tema762;762;10;3
763;book763;book763;Tema763;763;90;4
764;book764;book764;Tema764;764;80;2
765;book765;book765;Tema765;765;10;4
766;book766;book766;Tema766;766;60;1
767;book767;book767;Tema767;767;80;3
768;book768;book768;Tema768;768;90;3
769;book769;book769;Tema769;769;70;3
770;book770;book770;Tema770;770;70;2
771;book771;book771;Tema771;771;10;4
772;book772;book772;Tema772;772;80;1
773;book773;book773;Tema773;773;30;4
774;book774;book774;Tema774;774;40;2
775;book775;book775;Tema775;775;30;1
776;book776;book776;Tema776;776;20;4
777;book777;book777;Tema777;777;90;3
778;book778;book778;Tema778;778;80;4
779;book779;book779;Tema779;779;10;2
780;book780;book780;Tema780;780;20;1
781;book781;book781;Tema781;781;10;3
782;book782;book782;Tema782;782;40;3
783;book783;book783;Tema783;783;70;2
784;book784;book784;Tema784;784;90;1
785;book785;book785;Tema785;785;40;4
786;book786;book786;Tema786;786;90;1
787;book787;book787;Tema787;787;60;2
788;book788;book788;Tema788;788;10;4
789;book789;book789;Tema789;789;90;2
790;book790;book790;Tema790;790;0;1
791;book791;book791;Tema791;791;60;4
792;book792;book792;Tema792;792;70;3
793;book793;book793;Tema793;793;20;4
794;book794;book794;Tema794;794;30;3
795;book795;book795;Tema795;795;0;2
796;book796;book796;Tema796;796;50;2
797;book797;book797;Tema797;797;30;2
798;book798;book798;Tema798;798;80;3
799;book799;book799;Tema799;799;80;1
800;book800;book800;Tema800;800;10;4
801;book801;book801;Tema801;801;50;3
802;book802;book802;Tema802;802;50;2
803;book803;book803;Tema803;803;0;2
804;book804;book804;Tema804;804;30;2
805;book805;book805;Tema805;805;40;3
806;book806;book806;Tema806;806;70;1
807;book807;book807;Tema807;807;60;4
808;book808;book808;Tema808;808;20;3
809;book809;book809;Tema809;809;0;2
810;book810;book810;Tema810;810;10;4
811;book811;book811;Tema811;811;50;4
812;book812;book812;Tema812;812;10;3
813;book813;book813;Tema813;813;10;4
814;book814;book814;Tema814;814;80;3
815;book815;book815;Tema815;815;60;4
816;book816;book816;Tema816;816;90;3
817;book817;book817;Tema817;817;60;3
818;book818;book818;Tema818;818;50;1
819;book819;book819;Tema819;819;40;1
820;book820;book820;Tema820;820;30;2
821;book821;book821;Tema821;821;80;4
822;book822;book822;Tema822;822;10;4
823;book823;book823;Tema823;823;20;4
824;book824;book824;Tema824;824;70;3
825;book825;book825;Tema825;825;20;2
826;book826;book826;Tema826;826;60;2
827;book827;book827;Tema827;827;10;4
828;book828;book828;Tema828;828;70;1
829;book829;book829;Tema829;829;80;4
830;book830;book830;Tema830;830;60;3
831;book831;book831;Tema831;831;90;3
832;book832;book832;Tema832;832;40;2
833;book833;book833;Tema833;833;20;4
834;book834;book834;Tema834;834;30;1
835;book835;book835;Tema835;835;30;1
836;book836;book836;Tema836;836;70;1
837;book837;book837;Tema837;837;60;3
838;book838;book838;Tema838;838;0;2
839;book839;book839;Tema839;839;10;4
840;book840;book840;Tema840;840;50;4
841;book841;book841;Tema841;841;60;2
842;book842;book842;Tema842;842;10;2
843;book843;book843;Tema843;843;30;3
844;book844;book844;Tema844;844;0;2
845;book845;book845;Tema845;845;10;4
846;book846;book846;Tema846;846;90;3
847;book847;book847;Tema847;847;30;2
848;book848;book848;Tema848;848;20;2
849;book849;book849;Tema849;849;10;1
850;book850;book850;Tema850;850;60;2
851;book851;book851;Tema851;851;70;3
852;book852;book852;Tema852;852;10;2
853;book853;book853;Tema853;853;20;1
854;book854;book854;Tema854;854;90;1
855;book855;book855;Tema855;855;50;4
856;book856;book856;Tema856;856;80;2
857;book857;book857;Tema857;857;60;3
858;book858;book858;Tema858;858;80;3
859;book859;book859;Tema859;859;10;3
860;book860;book860;Tema860;860;60;2
861;book861;book861;Tema861;861;0;3
862;book862;book862;Tema862;862;90;1
863;book863;book863;Tema863;863;90;1
864;book864;book864;Tema864;864;90;3
865;book865;book865;Tema865;865;70;4
866;book866;book866;Tema866;866;60;1
867;book867;book867;Tema867;867;80;3
868;book868;book868;Tema868;868;80;2
869;book869;book869;Tema869;869;80;3
870;book870;book870;Tema870;870;90;2
871;book871;book871;Tema871;871;60;4
872;book872;book872;Tema872;872;0;3
873;book873;book873;Tema873;873;10;2
874;book874;book874;Tema874;874;50;2
875;book875;book875;Tema875;875;80;1
876;book876;book876;Tema876;876;10;4
877;book877;book877;Tema877;877;70;1
878;book878;book878;Tema878;878;60;4
879;book879;book879;Tema879;879;0;4
880;book880;book880;Tema880;880;40;4
881;book881;book881;Tema881;881;20;4
882;book882;book882;Tema882;882;80;2
883;book883;book883;Tema883;883;50;2
884;book884;book884;Tema884;884;10;1
885;book885;book885;Tema885;885;70;3
886;book886;book886;Tema886;886;80;3
887;book887;book887;Tema887;887;30;1
888;book888;book888;Tema888;888;20;2
889;book889;book889;Tema889;889;80;1
890;book890;book890;Tema890;890;50;2
891;book891;book891;Tema891;891;70;2
892;book892;book892;Tema892;892;30;1
893;book893;book893;Tema893;893;70;2
894;book894;book894;Tema894;894;30;2
895;book895;book895;Tema895;895;10;3
896;book896;book896;Tema896;896;70;2
897;book897;book897;Tema897;897;30;1
898;book898;book898;Tema898;898;40;4
899;book899;book899;Tema899;899;50;2
900;book900;book900;Tema900;900;40;2
901;book901;book901;Tema901;901;20;3
902;book902;book902;Tema902;902;60;4
903;book903;book903;Tema903;903;30;1
904;book904;book904;Tema904;904;0;1
905;book905;book905;Tema905;905;10;2
906;book906;book906;Tema906;906;80;4
907;book907;book907;Tema907;907;60;4
908;book908;book908;Tema908;908;80;1
909;book909;book909;Tema909;909;10;2
910;book910;book910;Tema910;910;90;4
911;book911;book911;Tema911;911;90;2
912;book912;book912;Tema912;912;60;4
913;book913;book913;Tema913;913;50;3
914;book914;book914;Tema914;914;0;4
915;book915;book915;Tema915;915;0;1
916;book916;book916;Tema916;916;50;2
917;book917;book917;Tema917;917;10;1
918;book918;book918;Tema918;918;90;1
919;book919;book919;Tema919;919;20;1
920;book920;book920;Tema920;920;50;1
921;book921;book921;Tema921;921;50;3
922;book922;book922;Tema922;922;50;3
923;book923;book923;Tema923;923;0;1
924;book924;book924;Tema924;924;70;3
925;book925;book925;Tema925;925;80;1
926;book926;book926;Tema926;926;0;1
927;book927;book927;Tema927;927;80;2
928;book928;book928;Tema928;928;0;3
929;book929;book929;Tema929;929;40;2
930;book930;book930;Tema930;930;70;1
931;book931;book931;Tema931;931;50;1
932;book932;book932;Tema932;932;0;4
933;book933;book933;Tema933;933;50;3
934;book934;book934;Tema934;934;10;1
935;book935;book935;Tema935;935;10;1
936;book936;book936;Tema936;936;50;1
937;book937;book937;Tema937;937;50;2
938;book938;book938;Tema938;938;20;1
939;book939;book939;Tema939;939;50;3
940;book940;book940;Tema940;940;30;3
941;book941;book941;Tema941;941;10;3
942;book942;book942;Tema942;942;20;1
943;book943;book943;Tema943;943;80;1
944;book944;book944;Tema944;944;70;3
945;book945;book945;Tema945;945;0;3
946;book946;book946;Tema946;946;50;4
947;book947;book947;Tema947;947;90;4
948;book948;book948;Tema948;948;30;1
949;book949;book949;Tema949;949;90;4
950;book950;book950;Tema950;950;50;4
951;book951;book951;Tema951;951;10;2
952;book952;book952;Tema952;952;20;2
953;book953;book953;Tema953;953;30;2
954;book954;book954;Tema954;954;70;3
955;book955;book955;Tema955;955;30;4
956;book956;book956;Tema956;956;0;3
957;book957;book957;Tema957;957;80;1
958;book958;book958;Tema958;958;30;2
959;book959;book959;Tema959;959;20;1
960;book960;book960;Tema960;960;90;3
961;book961;book961;Tema961;961;50;4
962;book962;book962;Tema962;962;40;4
963;book963;book963;Tema963;963;60;1
964;book964;book964;Tema964;964;30;1
965;book965;book965;Tema965;965;90;3
966;book966;book966;Tema966;966;80;3
967;book967;book967;Tema967;967;10;2
968;book968;book968;Tema968;968;10;3
969;book969;book969;Tema969;969;30;2
970;book970;book970;Tema970;970;50;3
971;book971;book971;Tema971;971;90;3
972;book972;book972;Tema972;972;20;4
973;book973;book973;Tema973;973;70;1
974;book974;book974;Tema974;974;30;1
975;book975;book975;Tema975;975;50;4
976;book976;book976;Tema976;976;30;3
977;book977;book977;Tema977;977;20;2
978;book978;book978;Tema978;978;10;2
979;book979;book979;Tema979;979;70;4
980;book980;book980;Tema980;980;90;3
981;book981;book981;Tema981;981;10;2
982;book982;book982;Tema982;982;80;2
983;book983;book983;Tema983;983;70;3
984;book984;book984;Tema984;984;80;1
985;book985;book985;Tema985;985;20;4
986;book986;book986;Tema986;986;80;1
987;book987;book987;Tema987;987;10;4
988;book988;book988;Tema988;988;0;1
989;book989;book989;Tema989;989;10;4
990;book990;book990;Tema990;990;70;1
991;book991;book991;Tema991;991;10;4
992;book992;book992;Tema992;992;10;4
993;book993;book993;Tema993;993;10;2
994;book994;book994;Tema994;994;10;2
995;book995;book995;Tema995;995;0;4
996;book996;book996;Tema996;996;10;3
997;book997;book997;Tema997;997;20;4
998;book998;book998;Tema998;998;50;4
999;book999;book999;Tema999;999;30;3
1000;book1000;book1000;Tema1000;1000;90;3
